timestamp,sender_email,sno,trust_name,recipient_email,subject,attachment,status,detail
2026-09-28 17:12:27,kcmsauditfirm@gmail.com,1,SHRI GANDAMANOOR ARULMIGU PARAMESWARAN DEVOTEES TRUST,rsrivasan@yahoo.com,Request for Donation Details,Client_Donation_Details_Template.xlsx,SENT,
2026-09-28 17:12:29,kcmsauditfirm@gmail.com,2,SRI SABARIMALAI BHAKTHA EDUCATIONAL & SOCIAL TRUST,kalvi_siva@rediffmail.com,Request for Donation Details,Client_Donation_Details_Template.xlsx,SENT,
2026-09-28 17:12:32,kcmsauditfirm@gmail.com,3,SRIOM ADISAKTHI ASHRAM TRUST,sriom.saritha@gmail.com,Request for Donation Details,Client_Donation_Details_Template.xlsx,SENT,
2026-09-28 17:12:35,kcmsauditfirm@gmail.com,4,SRIOM ADISAKTHIYENDRA SWAMIGAL TRUST,sriom.saritha@gmail.com,Request for Donation Details,Client_Donation_Details_Template.xlsx,SENT,
2026-09-28 17:12:37,kcmsauditfirm@gmail.com,5,SRIOM PANCHA SAKTHI PEEDAM RELIGIOUS TRUST,sriom.saritha@gmail.com,Request for Donation Details,Client_Donation_Details_Template.xlsx,SENT,
2026-09-28 17:12:39,kcmsauditfirm@gmail.com,6,SRIOM PRAVRUTHI TRUST,sriom.saritha@gmail.com,Request for Donation Details,Client_Donation_Details_Template.xlsx,SENT,
2026-09-28 17:12:41,kcmsauditfirm@gmail.com,7,Adambakkam Sankara Charitable Trust,ravichandranji@gmail.com,Request for Donation Details,Client_Donation_Details_Template.xlsx,SENT,
2026-09-28 17:12:44,kcmsauditfirm@gmail.com,8,Olakkur Sudhara varadhar,trsriram71@gmail.com,Request for Donation Details,Client_Donation_Details_Template.xlsx,SENT,
2026-09-28 17:12:46,kcmsauditfirm@gmail.com,9,SHRI KAMAKSHI KATAKSHAM SEVA TRUST,toreachsabarivasan2805@gmail.com,Request for Donation Details,Client_Donation_Details_Template.xlsx,SENT,
2026-09-28 17:12:48,kcmsauditfirm@gmail.com,10,Shree Veda Bhakta Sabha Trust,svbstrust2024@gmail.com,Request for Donation Details,Client_Donation_Details_Template.xlsx,SENT,
2026-09-28 17:12:50,kcmsauditfirm@gmail.com,11,Seyarkeriya Yavula Natpu,Yoonus.Jamil@nucor.com,Request for Donation Details,Client_Donation_Details_Template.xlsx,SENT,
2026-09-28 17:12:52,kcmsauditfirm@gmail.com,12,GAANAPRIYA FOUNDATION,gaanapriya.foundation@gmail.com,Request for Donation Details,Client_Donation_Details_Template.xlsx,SENT,
2026-09-28 17:12:54,kcmsauditfirm@gmail.com,13,SRI JAYENDRA SARASWATHI SANKARACHARAYA SWAMIGAL BOOK BANK TRUST,gkrkgram@yahoo.in,Request for Donation Details,Client_Donation_Details_Template.xlsx,SENT,
